zionanjos@yahoo.com,66.238.40-0
cirobastos@hotmail.com,54.102.15-8
vitorbicalho@yahoo.com,66.809.62-4
henryalencar@yahoo.com,95.524.34-8
aylaamor@terra.com,24.809.84-4
nicolasbarroso@icloud.com,95.46393
maitêanunciaçao@icloud.com,52.369.86-0
amadoálvares@gmail.com,22.449.00-6
inaciobarroso@live.com,32.254.82-1
leonardobueno@live.com,54.907.11-7
oscarborsoi@outlook.com,79.997.84-8
matildaassis@gmail.com,69.727.58-0
catarinabispo@yahoo.com,22.075.14-0
francoborges@hotmail.com,48.017.51-0
allanabotelho@yahoo.com,75.986.24-2
anastaciabarros@terra.com,36.062.65-6
constançaaltamirano@yahoo.com,25.208.61-1
melinaamor@outlook.com,63.841.11-8
barbaraarruda@gmail.com,64.063.09-1
maitêbrasil@live.com,83.439.96-1
melissaanjos@yahoo.com,56.198.08-6
rafaelabandeira@hotmail.com,88.995.96-7
marianaalencar@yahoo.com,50.736.67-4
florençabicalho@live.com,26.273.67-8
pietroamorim@icloud.com,10.975.34-5
viniciusbrasil@live.com,96.103.49-8
analubarros@live.com,75.753.18-5
gregorioalbuquerque@icloud.com,83.985.46-2
carlotabolsonaro@outlook.com,72.500.93-5
erickazevedo@outlook.com,80.65826
stellaarruda@gmail.com,31.856.42-8
rafaelaanunciaçao@terra.com,86.137.42-5
isadoraborsoi@yahoo.com,75.006.85-5
yagobarros@live.com,15.94845
linoalencar@hotmail.com,48.848.79-7
catarinaamigo@terra.com,47.759.59-5
gabriellebueno@yahoo.com,61.548.07-4
matildaanes@yahoo.com,49.324.58-4
charloteadorno@gmail.com,71.661.51-0
iolandaborsoi@live.com,72.176.80-8
domborges@hotmail.com,66.961.01-3
vicenteadaes@gmail.com,54.589.34-4
zoebrasiliense@hotmail.com,34.293.59-3
guadalupebandeira@live.com,53.077.24-2
celinaadorno@live.com,64.689.25-7
margaridaascensao@live.com,89.931.84-0
louisebarros@terra.com,39.96902
ceciliaazeredo@hotmail.com,66.087.56-6
ernestobernades@yahoo.com,31.541.54-7
benitoalcântara@icloud.com,24.943.68-7
erickbolsonaro@outlook.com,46.744.50-3
felipaanjos@gmail.com,10.294.98-7
rodrigoalvarenga@hotmail.com,92.808.80-6
lizamigo@yahoo.com,80.891.79-2
giuliaazeredo@outlook.com,55.523.99-1
lunabatista@live.com,73.848.70-8
linceanjos@live.com,68.948.82-7
fernandoaguiar@gmail.com,70.455.91-4
gaelbarroso@outlook.com,55.772.29-7
brunobarroso@hotmail.com,96.905.85-9
mariahaleluia@gmail.com,20.49779
alvarobrasiliense@hotmail.com,98.23407
giuliaalvim@terra.com,45.392.53-9
aliciabernades@outlook.com,89.703.50-9
raulborba@yahoo.com,87.233.74-2
augustaazeredo@hotmail.com,48.53010
celinaanjos@hotmail.com,94.163.33-4
yasminbotelho@hotmail.com,37.872.35-3
miabrandao@live.com,95.052.05-9
barbaraantunes@terra.com,53.559.49-0
gabriellebarbosa@yahoo.com,52.80084
petrabandeira@icloud.com,83.560.97-4
yuribrasiliense@outlook.com,37.822.99-9
isaacanunciaçao@outlook.com,88.012.51-2
catarinaborges@yahoo.com,74.973.95-8
serenaborsoi@icloud.com,42.58353
louiseborges@yahoo.com,26.319.73-4
stellaandrade@live.com,39.132.69-5
hermanoandrada@outlook.com,54.51735
miabicalho@hotmail.com,77.380.59-1
thiagobueno@icloud.com,53.398.10-3
andreantunes@hotmail.com,71.953.40-8
yuribolsonaro@outlook.com,30.221.68-6
lolitaazeredo@gmail.com,94.812.36-8
dimitribarbosa@terra.com,97.011.24-6
henrybrasil@outlook.com,47.620.46-3
caioamorim@live.com,88.959.89-9
carolinaalbuquerque@terra.com,28.170.71-6
caetanaamorim@outlook.com,27.830.89-3
isadorabernades@gmail.com,16.573.36-0
larabotelho@terra.com,40.895.36-5
laisbueno@gmail.com,86.380.64-2
isabelbicalho@icloud.com,48.51781
kaiquebernardes@outlook.com,50.398.63-6
açucenaborges@gmail.com,47.558.83-6
perolaaguiar@hotmail.com,52.742.62-4
violetaalbuquerque@gmail.com,94.119.27-5
camilaalencar@icloud.com,27.142.51-3
sophiealcântara@outlook.com,33.796.37-4
aylabolsonaro@hotmail.com,70.06905
gaelanchieta@yahoo.com,41.807.07-8
maiabastos@outlook.com,50.439.48-0
betinabermudes@outlook.com,98.257.40-8
brancabarroso@outlook.com,90.849.04-1
aylabueno@outlook.com,91.486.18-9
penelopealves@live.com,52.121.78-9
mirellaaguiar@yahoo.com,60.684.62-0
adelearaujo@live.com,18.379.80-3
gaelbandeira@icloud.com,83.007.84-1
pietroanjos@icloud.com,43.693.80-3
kaiquebotelho@gmail.com,69.587.01-9
cicerobandeira@yahoo.com,57.308.23-4
oscaralmeida@outlook.com,48.010.01-1
guilhermeamaral@terra.com,17.226.68-6
oliviaamorim@live.com,91.563.47-6
joãoandrada@hotmail.com,53.078.63-2
enzoandrada@yahoo.com,65.25522
isabelanunciaçao@outlook.com,93.932.12-5
barbarabragança@icloud.com,89.11348
isadoraamigo@live.com,96.696.25-5
ramonaazevedo@outlook.com,15.048.46-0
anabelascensao@terra.com,33.822.01-1
santiagoantunes@hotmail.com,70.123.93-6
eduardaandrade@live.com,37.34053
augustabarros@icloud.com,94.240.69-6
florabarbosa@gmail.com,13.782.69-9
adelealbuquerque@terra.com,91.433.64-7
ursulaazeredo@terra.com,96.195.81-1
emillyalvim@yahoo.com,68.692.59-5
emillybastos@gmail.com,63.604.72-3
biancaanjos@gmail.com,72.804.62-6
floraanjos@icloud.com,61.81500
esperançabrandao@outlook.com,46.160.87-4
antonyaleluia@hotmail.com,82.188.21-8
penelopeazevedo@yahoo.com,84.33319
hermanoaltamirano@icloud.com,53.478.49-0
emillybarbosa@terra.com,81.941.55-0
linoálvares@outlook.com,33.128.98-8
caioálvares@icloud.com,62.730.38-8
betinaborba@terra.com,16.143.04-6
sophiebotelho@terra.com,45.422.57-3
ciroaltamirano@outlook.com,72.063.02-0
thiagobatista@gmail.com,31.836.31-8
charlotealves@live.com,60.498.48-2
gabrielaaragao@icloud.com,13.266.96-7
matildaborges@terra.com,41.864.28-3
santiagoalencar@icloud.com,77.955.76-3
martimaraujo@live.com,79.62647
zoeamorim@live.com,23.897.28-3
camilaborsoi@icloud.com,69.375.51-8
aliciaalbuquerque@gmail.com,30.503.89-8
levibragança@live.com,78.924.78-7
joanaaguiar@gmail.com,71.751.71-7
domaltamirano@icloud.com,70.097.60-3
cicerobastos@hotmail.com,18.615.59-2
bartolomeuaragao@outlook.com,68.728.23-0
emillybarroso@icloud.com,91.452.28-3
oliverbarros@terra.com,29.204.20-0
nicolasantunes@yahoo.com,80.439.01-1
luanbarroso@yahoo.com,50.906.05-8
andrealvim@outlook.com,10.703.62-3
ameliaanjos@outlook.com,38.912.68-7
benitobarroso@hotmail.com,39.220.20-7
melinaalvarenga@live.com,17.321.37-6
fredericobarroso@hotmail.com,53.963.89-6
ciroazeredo@terra.com,36.797.77-7
coraalbuquerque@live.com,28.114.11-5
catarinaálvares@terra.com,52.569.48-9
ianbispo@live.com,25.218.34-3
ygorantunes@terra.com,70.889.51-6
vidabarbosa@outlook.com,57.601.76-5
isisbrasiliense@yahoo.com,71.232.01-6
olgaadaes@live.com,17.413.16-1
charloteborges@outlook.com,25.867.58-1
raulbatista@icloud.com,17.162.32-7
laisalvim@outlook.com,74.331.55-3
dorabispo@gmail.com,89.224.38-5
naomibraga@yahoo.com,66.011.08-6
guadalupealves@outlook.com,73.238.20-2
heloisaarruda@outlook.com,80.832.26-7
felipebicalho@live.com,46.476.30-2
florençabrandao@hotmail.com,84.231.07-4
tomebrandao@gmail.com,66.608.93-9
isabellyazevedo@icloud.com,93.481.81-2
brancabolsonaro@hotmail.com,32.890.43-6
claricebernardes@outlook.com,15.993.84-8
serenaanunciaçao@hotmail.com,68.076.57-8
beatrizborsoi@yahoo.com,40.665.79-5
luanarruda@yahoo.com,12.269.14-8
beneditabernades@terra.com,16.258.78-6
vicenteborges@hotmail.com,96.750.44-6
francobarbosa@icloud.com,91.194.81-8
giovannaamigo@gmail.com,19.874.64-9
vitoriabernades@hotmail.com,30.687.33-0
henriquebernardes@terra.com,20.219.15-8
mirellabernardes@hotmail.com,40.233.15-8
eleonaraamigo@terra.com,20.385.20-0
aliciaaltamirano@icloud.com,49.406.18-7
amoraanchieta@gmail.com,28.06415
oliverarruda@outlook.com,11.259.62-7
alvaroamigo@icloud.com,22.575.69-4
ameliaazeredo@outlook.com,34.373.49-3
beatrizbispo@yahoo.com,27.81118
amadobispo@outlook.com,22.535-6
benicioaguiar@outlook.com,69.447.48-4
francoborsoi@icloud.com,89.398.67-0
ceciliaanunciaçao@icloud.com,69.057.26-8
amadobrasil@icloud.com,15.738.04-8
vitoriabueno@icloud.com,97.414.19-0
maitêamorim@terra.com,29.856.48-5
pietroanchieta@yahoo.com,45.685.74-8
yagoamaral@gmail.com,77.568.54-8
nunoalcântara@terra.com,61.982.58-1
ernestobatista@terra.com,52.062.93-8
oliviabernades@outlook.com,77.577.11-8
coraanes@gmail.com,37.859.29-2
cristovãoaleluia@live.com,54.433.54-3
emanuelaraujo@gmail.com,62.182.15-3
ameliaalvim@terra.com,63.473.74-5
oliverandrada@hotmail.com,92.613.78-2
gonçaloassis@terra.com,87.441.75-4
henryalbuquerque@yahoo.com,45.523.76-8
esperançaborsoi@icloud.com,57.958.36-2
linoadorno@gmail.com,88.166.12-0
murilobernades@live.com,45.077.02-3
alvarobandeira@live.com,54.689.17-6
joanaalvarenga@live.com,87.346.84-3
carlotabermudes@gmail.com,70.738.56-0
luanbarbosa@gmail.com,31.887.28-7
vitoriaborba@gmail.com,17.802.51-2
isaacazevedo@live.com,18.621.71-5
leviarruda@icloud.com,77.722.80-4
mariahbicalho@terra.com,95.652.56-0
danteadorno@yahoo.com,40.633.74-2
allanaanjos@terra.com,47.369.08-9
coralinaalvarenga@terra.com,73.882.58-8
carlotaabreu@live.com,28.119.99-2
rafaelaamor@live.com,95.526.76-7
nathanaraujo@icloud.com,12.15905
oliverbraga@terra.com,51.111.80-2
ameliaalvim@outlook.com,20.914.16-7
fredericoanjos@outlook.com,72.37567
giovannaarruda@live.com,91.666.47-6
emanuelbarros@live.com,33.407.22-2
ruanalencar@live.com,25.203.37-5
hortênsiabrasil@terra.com,12.228.94-2
tomebrasil@gmail.com,64.71337
pietrabueno@gmail.com,64.563.37-4
zoealmeida@live.com,31.90854
fredericobispo@gmail.com,27.701.64-3
nathanaraujo@live.com,33.978.03-8
heloisaaltamirano@terra.com,24.435.74-3
franciscobotelho@outlook.com,23.060.33-2
perolabicalho@yahoo.com,89.635.13-0
rafaelbermudes@live.com,17.686.28-6
esperançaadorno@hotmail.com,16.21479
nicoleamor@hotmail.com,13.627.60-5
mathiasanchieta@yahoo.com,48.941.62-3
danielborges@gmail.com,58.898.17-9
anabelalbuquerque@gmail.com,23.933.78-0
fernandaanjos@yahoo.com,37.152.91-7
charlotealcântara@hotmail.com,95.356.73-4
naomianchieta@icloud.com,55.934.54-5
benicioazeredo@icloud.com,12.719.06-2
pietraandrade@icloud.com,69.686.89-4
tadeuborba@hotmail.com,50.003.73-6
isisborsoi@hotmail.com,89.332.87-8
andrearaujo@live.com,48.931.78-9
andrebrasiliense@hotmail.com,48.667.06-2
naomianchieta@hotmail.com,58.227.71-3
julietabotelho@hotmail.com,30.765.56-6
pietraazevedo@yahoo.com,56.240.41-3
henriquealtamirano@icloud.com,91.398.33-3
yasminbandeira@yahoo.com,98.897.40-9
caioanes@yahoo.com,87.086.39-5
melissaadaes@yahoo.com,96.424.31-1
aylabernardes@outlook.com,65.676.22-1
dimitribarbosa@outlook.com,31.910.82-9
ruanbolsonaro@live.com,43.405.97-8
vitoriabolsonaro@icloud.com,60.09380
brancabicalho@gmail.com,87.517.86-0
camilaarruda@yahoo.com,70.172.79-0
anabelantunes@icloud.com,52.577.19-4
gaiaabreu@gmail.com,59.497.98-4
bentobicalho@gmail.com,50.027.42-2
pietroborges@live.com,37.798.81-4
amadobastos@live.com,81.733.86-9
guilhermeborba@live.com,24.213.78-7
heloisabolsonaro@outlook.com,75.459.50-9
gregorioaleluia@yahoo.com,58.526.06-1
lincealcântara@yahoo.com,72.634.95-4
benicioadorno@live.com,79.831.13-1
gaiaadaes@hotmail.com,48.890.76-3
açucenabarroso@yahoo.com,26.59788
lunaandrada@yahoo.com,10.673.29-5
guilhermoantunes@icloud.com,46.765.01-9
beneditabocaiuva@yahoo.com,41.92725
viniciusamor@terra.com,71.754.33-2
nataliabastos@hotmail.com,29.030.57-8
andrealeluia@hotmail.com,70.92495
linoaltamirano@gmail.com,22.964.64-6
mariaamorim@gmail.com,71.150.66-0
alegrabarbosa@live.com,83.375.46-1
aylabotelho@hotmail.com,51.442.47-7
pietroaguiar@terra.com,41.093.27-9
anastaciaandrada@hotmail.com,67.748.44-3
melinabrasiliense@gmail.com,16.118.62-6
floraalvarenga@gmail.com,19.40644
pandoraalves@yahoo.com,28.480.55-8
gabriellebarros@icloud.com,52.46766
esperançabueno@live.com,48.793.97-0
giuliabernardes@hotmail.com,48.169.03-4
thiagoadaes@outlook.com,91.096.73-6
gaelaragao@yahoo.com,97.206.01-6
mabelbraga@icloud.com,11.376.02-4
benicioálvares@outlook.com,55.983.22-7
joanaaltamirano@outlook.com,90.607.20-2
elisabernades@yahoo.com,20.753.71-1
aliciabernades@hotmail.com,27.912.45-0
isadorabotelho@hotmail.com,53.257.80-5
danielbarroso@yahoo.com,84.387.67-7
conradobernardes@terra.com,74.462.83-9
maitêanes@hotmail.com,46.187.20-9
barbarabrasil@gmail.com,77.827.85-9
beatrizbarroso@outlook.com,84.541.09-4
tadeualvim@hotmail.com,53.104.36-1
cauãbarros@hotmail.com,52.74067
rodrigoabreu@yahoo.com,25.023.55-5
pietraanchieta@live.com,81.187.34-4
penelopebueno@terra.com,38.615.24-5
aylabispo@hotmail.com,88.773.68-4
cristovãoalmeida@icloud.com,29.122.10-1
adeleadorno@icloud.com,86.955.63-4
vitoraguiar@icloud.com,93.373.22-9
agnesbernades@yahoo.com,65.500.06-3
alexandrebermudes@outlook.com,93.714.65-4
aliciabraga@yahoo.com,90.801.31-9
rodrigoaraujo@terra.com,30.284.84-2
beniciobernades@gmail.com,32.515.96-8
pandoraamigo@outlook.com,78.477.74-6
pietraanchieta@hotmail.com,80.993.72-9
joanaaraujo@hotmail.com,74.749.21-2
gustavobocaiuva@gmail.com,47.631.85-6
icaroalcântara@gmail.com,83.616.45-6
romeuamaral@hotmail.com,81.944.15-4
betinabarroso@terra.com,34.066.17-6
mirellabrandao@hotmail.com,61.091.48-4
mathiasálvares@icloud.com,95.048.61-7
gustavobueno@yahoo.com,21.138.22-0
rafaelbandeira@icloud.com,62.873.14-7
maiabarros@terra.com,13.919.62-3
laraalvim@gmail.com,81.212.81-3
giovannaandrade@outlook.com,84.676.16-5
melinaandrade@yahoo.com,12.758.80-8
leonardoanunciaçao@terra.com,91.406.39-6
gustavobrasil@terra.com,82.878.35-6
otavioaleluia@gmail.com,72.321.02-5
brunaalvim@live.com,76.611.18-6
mabelalmeida@live.com,97.525.37-5
felipabragança@hotmail.com,20.38142
fernandaalvim@live.com,28.84437
emanuelbandeira@yahoo.com,44.084.28-6
analuassis@terra.com,47.752.96-9
coralinaanjos@gmail.com,67.112.82-4
nathanborba@icloud.com,30.491.43-7
eduardobarbosa@icloud.com,36.841.18-1
mabelbernardes@outlook.com,70.316.60-5
henriqueadaes@hotmail.com,90.278.66-7
aylaazevedo@gmail.com,56.143.90-2
joãoborba@terra.com,36.338.13-5
ciroborba@icloud.com,47.160.56-0
dimitribocaiuva@icloud.com,76.368.31-0
ianalcântara@live.com,28.386.45-7
lolitaálvares@gmail.com,15.89962
ursulaascensao@terra.com,96.700.06-0
oliviabicalho@gmail.com,84.297.88-2
pilarazevedo@gmail.com,50.316.88-6
vincebatista@yahoo.com,33.850.51-6
otavioandrade@terra.com,38.623.32-4
charlotebraga@gmail.com,88.042.40-1
lunaalves@icloud.com,27.660.42-7
henrybocaiuva@outlook.com,95.095.42-5
andrealencar@icloud.com,23.467.41-7
serenaamaral@terra.com,59.380.32-5
emanuelbernades@terra.com,82.43301
marinaanjos@live.com,37.52712
amandabueno@yahoo.com,23.252.62-9
vicentearaujo@live.com,64.819.63-9
dantebragança@live.com,64.278.39-1
doraantunes@gmail.com,34.73898
anaalvarenga@terra.com,18.058.09-3
violetaadorno@hotmail.com,64.577.53-3
laraalvarenga@yahoo.com,48.109.48-8
lolitaaltamirano@live.com,84.297.42-1
nicolasazevedo@live.com,54.846.90-2
giovannabolsonaro@yahoo.com,13.592.35-9
carlotaanchieta@outlook.com,22.318.97-5
enricoadaes@outlook.com,37.148.00-4
florençaanunciaçao@icloud.com,31.616.59-9
nathanbraga@icloud.com,52.100.22-8
isisbrandao@gmail.com,66.362.02-3
beatrizbandeira@yahoo.com,64.276.14-2
gabrielaálvares@icloud.com,73.10328
mariaalmeida@hotmail.com,71.754.75-6
micaelabispo@hotmail.com,89.801.92-6
beneditobastos@hotmail.com,59.988.06-4
violetaborges@hotmail.com,65.929.94-0
oscaralbuquerque@outlook.com,79.975.90-4
claricebrandao@outlook.com,44.085.72-7
ernestobispo@yahoo.com,64.747.17-7
isisalmeida@gmail.com,85.976.48-3
ygoraleluia@outlook.com,53.559.07-8
viniciusamaral@live.com,45.840.64-3
nicoleandrade@terra.com,80.074.38-1
stellaalcântara@gmail.com,29.604.51-8
nathanborba@terra.com,72.70370
analubrasil@outlook.com,76.339.55-1
camilabandeira@terra.com,57.858.89-7
ciroanchieta@outlook.com,39.193.93-1
fernandabarbosa@live.com,35.535.89-0
isadoraalvim@yahoo.com,82.912.04-0
pandoraanes@live.com,57.523.75-9
ygoranchieta@icloud.com,67.259.32-3
clarabarroso@outlook.com,64.443.90-8
mariahaleluia@hotmail.com,84.189.83-9
vincealtamirano@gmail.com,21.247.58-1
murilobandeira@live.com,97.804.61-1
cirobatista@icloud.com,48.133.80-2
claricebicalho@icloud.com,34.474.17-1
olgabarroso@hotmail.com,97.640.69-4
isabelbolsonaro@hotmail.com,48.893.74-9
oscaralbuquerque@yahoo.com,21.994.63-5
henrybarroso@live.com,25.968.18-0
thomasanunciaçao@yahoo.com,78.840.64-9
felipearagao@hotmail.com,22.241.48-6
celinabrandao@live.com,17.768.81-8
tadeuanjos@hotmail.com,86.108.15-4
laviniabarbosa@live.com,35.758.39-4
beatrizbragança@gmail.com,96.461.44-2
joãobragança@icloud.com,24.090.50-1
santiagobicalho@terra.com,98.858.03-8
hortênsiaantunes@icloud.com,70.63347
rebecabrandao@terra.com,45.750.43-0
antonelabarros@live.com,63.511.02-9
amandaalencar@yahoo.com,47.707.16-1
violetaaragao@gmail.com,81.575.51-7
lorenaandrada@gmail.com,17.612.56-5
cauãamigo@yahoo.com,91.943.94-0
daniloalvarenga@gmail.com,75.000.26-4
carolinabrandao@gmail.com,80.604.99-9
laraborges@terra.com,15.695.34-5
pietroanunciaçao@outlook.com,54.693.73-8
oliviaalcântara@outlook.com,98.514.17-9
coraalbuquerque@icloud.com,75.962.65-2
joãoazeredo@hotmail.com,27.493.68-4
leonardoaragao@yahoo.com,87.564.27-4
aliciaalbuquerque@yahoo.com,50.774.13-7
antonelaanes@gmail.com,71.921.99-2
estherbarbosa@gmail.com,96.099.71-1
enzobarros@icloud.com,88.796.88-6
dombernardes@hotmail.com,38.63620
camilaassis@outlook.com,68.747.30-2
gonçaloalbuquerque@gmail.com,19.33818
bentobragança@terra.com,85.843.59-5
fernandabastos@live.com,33.129.06-2
carolinaborsoi@icloud.com,98.724.09-8
miabicalho@live.com,42.837.96-8
yuriantunes@hotmail.com,43.348.74-3
vinceborba@yahoo.com,24.788.13-8
agathabrasil@hotmail.com,98.783.57-6
rodrigoálvares@hotmail.com,38.334.58-0
otaviobernades@hotmail.com,73.432.82-4
bentoaraujo@yahoo.com,83.475.11-4
isadoraanunciaçao@icloud.com,95.879.05-2
amorabicalho@yahoo.com,38.463.74-1
mirellabastos@terra.com,63.65928
estrelaaltamirano@yahoo.com,62.642.11-5
danielalvarenga@icloud.com,70.463.15-3
allanaassis@gmail.com,37.087-6
joanaalvim@live.com,12.094.64-1
stellabernardes@yahoo.com,68.940.18-5
cauãanes@hotmail.com,28.309.35-1
emanuelanes@live.com,16.895.01-1
yuriborges@terra.com,17.995.04-0
cirobernardes@icloud.com,83.604.13-3
emanuellyaltamirano@gmail.com,96.307.83-2
oliviaaltamirano@gmail.com,87.374.94-8
maluantunes@gmail.com,52.547.81-8
fredericaaguiar@terra.com,67.031.93-4
isaacbandeira@outlook.com,68.468.36-1
lindaadorno@icloud.com,18.301.67-8
catarinabocaiuva@icloud.com,26.725.37-1
antonelaandrada@terra.com,11.764.53-4
isisarruda@live.com,38.017.60-8
brunoamorim@outlook.com,45.067.78-0
rauladorno@hotmail.com,72.436.91-4
bartolomeubarbosa@yahoo.com,39.334.65-2
carolinaalcântara@outlook.com,10.599.58-2
aliciaalvim@gmail.com,75.673.99-6
amandaassis@hotmail.com,19.550.34-7
melinaascensao@icloud.com,68.081.23-9
laisalves@live.com,99.25306
amandaalves@outlook.com,96.252.29-0
stellaanjos@hotmail.com,35.390.52-1
augustobicalho@icloud.com,19.33336
franciscobastos@outlook.com,69.294.56-3
cauãbolsonaro@icloud.com,15.36875
nicolasanjos@terra.com,25.684.55-0
iolandaadaes@terra.com,91.69379
erickamigo@hotmail.com,44.464.93-7
penelopeálvares@gmail.com,10.116.06-8
micaelabotelho@terra.com,35.511.97-5
barbarabolsonaro@live.com,80.202.08-2
murilobernades@hotmail.com,25.786.20-9
felipebarroso@icloud.com,90.95395
pietrabrasiliense@gmail.com,89.417.88-3
bentoborges@outlook.com,46.681.98-7
julietaanes@icloud.com,33.201.65-2
mathiasbandeira@terra.com,22.213.85-7
enricoascensao@icloud.com,95.600.36-4
clariceascensao@hotmail.com,44.943.88-7
zionálvares@hotmail.com,16.652.81-8
gabrielabraga@live.com,11.263.20-2
camilaarruda@outlook.com,72.243.18-3
guilhermeanchieta@icloud.com,95.771.71-1
brenoalmeida@terra.com,89.781.26-0
henrybicalho@yahoo.com,97.678.90-9
amandaamor@yahoo.com,47.406.27-6
zoealcântara@icloud.com,43.533.32-0
marianabragança@gmail.com,67.832.84-5
bentoandrada@live.com,50.583.39-7
louisealcântara@live.com,72.637.52-2
joanabernades@yahoo.com,14.472.36-3
bartolomeualvim@hotmail.com,41.703.16-7
brancaaguiar@yahoo.com,53.348.02-7
martinaalmeida@live.com,19.745.75-2
nathanbispo@live.com,97.378.26-3
vitoriaanunciaçao@terra.com,91.26471
auroraarruda@terra.com,92.402.94-6
beneditaamor@outlook.com,98.821.64-9
yasminbicalho@outlook.com,52.020.39-9
dantebatista@live.com,85.707.89-5
augustoalvim@live.com,40.341.43-7
vitoriabueno@terra.com,73.784.99-4
gonçaloalmeida@outlook.com,52.502.77-2
penelopebrasil@outlook.com,24.37562
conradoalbuquerque@gmail.com,19.151.64-1
antonelabarroso@yahoo.com,11.862.02-6
antonelabarroso@terra.com,50.562.08-7
gaiaalcântara@yahoo.com,87.764.88-5
joanaarruda@live.com,20.744.51-7
bartolomeubragança@gmail.com,76.03371
rafaelandrada@gmail.com,61.578.68-9
maiaborba@hotmail.com,21.183.34-0
gaspararagao@hotmail.com,87.586.91-0
oscarandrade@hotmail.com,32.521.42-3
hermanoanes@icloud.com,68.466.14-0
salomãoazeredo@icloud.com,72.485.62-6
isabellybermudes@hotmail.com,88.339.51-6
mirellaaltamirano@live.com,72.976.25-5
constançabarbosa@outlook.com,36.94755
oliviaazevedo@hotmail.com,58.742.21-7
melinaarruda@terra.com,35.939.50-8
augustaamaral@hotmail.com,16.01143
andrebatista@icloud.com,17.806.52-1
gustavobocaiuva@yahoo.com,60.439.82-2
melinaassis@hotmail.com,89.977.30-2
laviniaazeredo@hotmail.com,77.773.11-2
camilaarruda@yahoo.com,17.589.08-1
rodrigoassis@hotmail.com,46.418.22-5
bentoborsoi@yahoo.com,99.121.26-5
amadoalmeida@gmail.com,51.838.64-6
claraaleluia@yahoo.com,40.547.22-5
anaamigo@outlook.com,99.418.42-3
petraamigo@gmail.com,58.481.50-0
guadalupebatista@icloud.com,11.704.36-4
constançaascensao@hotmail.com,26.939.91-3
linceantunes@hotmail.com,93.191.70-1
gabriellebarroso@icloud.com,97.878.86-7
olgaalencar@terra.com,69.10931
viniciusazeredo@outlook.com,99.253.36-4
tarsilabastos@hotmail.com,59.798.34-4
adelealencar@outlook.com,56.199.90-0
henryarruda@icloud.com,54.329.10-0
stellabocaiuva@hotmail.com,26.371.83-8
beatrizalvim@live.com,76.150.07-6
romeubispo@live.com,85.631.79-9
linoanes@terra.com,18.299.84-5
violetaanchieta@live.com,17.362.01-6
oscarbocaiuva@yahoo.com,37.521.89-0
pandoraaragao@icloud.com,85.60298
benicioalvarenga@outlook.com,25.199.12-2
vincebatista@outlook.com,62.218.07-1
camilabolsonaro@icloud.com,12.113.16-6
yuriborges@live.com,43.813.27-6
lucasbrandao@gmail.com,27.200.80-3
gasparantunes@icloud.com,81.344.53-3
theobernades@outlook.com,95.486.03-0
ruanbrasil@outlook.com,73.980.88-0
ciroanchieta@gmail.com,45.135.45-2
